국가,사이트_국가명,연도,집계기간,한국화장품_수입액_한국측수출통계_천달러,한국전체화장품수출중_해당국가점유율_퍼센트,2026년_1~8월_전년도연간실적대비달성률_퍼센트,달성률_산식과해석,금액_통계기준,점유율_분모,출처_URL
미국,미국,2021,연간,841045.0,9.2,,,KCII 국가별 수출현황의 한국→해당국가 수출액,한국의 전체 화장품 수출액,https://www.kcii.re.kr/trade/country_list?type=EXPORT&year=2022&page=1
미국,미국,2022,연간,839151.0,10.6,,,KCII 국가별 수출현황의 한국→해당국가 수출액,한국의 전체 화장품 수출액,https://www.kcii.re.kr/trade/country_list?type=EXPORT&year=2022&page=1
미국,미국,2023,연간,1218293.0,14.3,,,KCII 국가별 수출현황의 한국→해당국가 수출액,한국의 전체 화장품 수출액,https://www.kcii.re.kr/trade/country_list?type=EXPORT&year=2024&page=1
미국,미국,2024,연간,1914734.0,18.7,,,KCII 국가별 수출현황의 한국→해당국가 수출액,한국의 전체 화장품 수출액,https://www.kcii.re.kr/trade/country_list?type=EXPORT&year=2024&page=1
미국,미국,2025,연간,2184234.0,19.1,,,KCII 국가별 수출현황의 한국→해당국가 수출액,한국의 전체 화장품 수출액,https://www.kcii.re.kr/trade/country_list?type=EXPORT&year=2026&page=1
미국,미국,2026,1~8월 누계,2030257.0,21.0,93.0,2026년 1~8월 누계 ÷ 2025년 연간 실적 × 100; 성장률이 아닌 전년도 연간 실적 도달 수준,KCII 국가별 수출현황의 한국→해당국가 수출액,한국의 전체 화장품 수출액,https://www.kcii.re.kr/trade/country_list?type=EXPORT&year=2026&page=1
중국,중국,2021,연간,4881831.0,53.2,,,KCII 국가별 수출현황의 한국→해당국가 수출액,한국의 전체 화장품 수출액,https://www.kcii.re.kr/trade/country_list?type=EXPORT&year=2022&page=1
중국,중국,2022,연간,3611754.0,45.4,,,KCII 국가별 수출현황의 한국→해당국가 수출액,한국의 전체 화장품 수출액,https://www.kcii.re.kr/trade/country_list?type=EXPORT&year=2022&page=1
중국,중국,2023,연간,2784949.0,32.8,,,KCII 국가별 수출현황의 한국→해당국가 수출액,한국의 전체 화장품 수출액,https://www.kcii.re.kr/trade/country_list?type=EXPORT&year=2024&page=1
중국,중국,2024,연간,2500955.0,24.4,,,KCII 국가별 수출현황의 한국→해당국가 수출액,한국의 전체 화장품 수출액,https://www.kcii.re.kr/trade/country_list?type=EXPORT&year=2024&page=1
중국,중국,2025,연간,2018314.0,17.7,,,KCII 국가별 수출현황의 한국→해당국가 수출액,한국의 전체 화장품 수출액,https://www.kcii.re.kr/trade/country_list?type=EXPORT&year=2026&page=1
중국,중국,2026,1~8월 누계,1334075.0,13.8,66.1,2026년 1~8월 누계 ÷ 2025년 연간 실적 × 100; 성장률이 아닌 전년도 연간 실적 도달 수준,KCII 국가별 수출현황의 한국→해당국가 수출액,한국의 전체 화장품 수출액,https://www.kcii.re.kr/trade/country_list?type=EXPORT&year=2026&page=1
일본,일본,2021,연간,784119.0,8.5,,,KCII 국가별 수출현황의 한국→해당국가 수출액,한국의 전체 화장품 수출액,https://www.kcii.re.kr/trade/country_list?type=EXPORT&year=2022&page=1
일본,일본,2022,연간,746075.0,9.4,,,KCII 국가별 수출현황의 한국→해당국가 수출액,한국의 전체 화장품 수출액,https://www.kcii.re.kr/trade/country_list?type=EXPORT&year=2022&page=1
일본,일본,2023,연간,806056.0,9.5,,,KCII 국가별 수출현황의 한국→해당국가 수출액,한국의 전체 화장품 수출액,https://www.kcii.re.kr/trade/country_list?type=EXPORT&year=2024&page=1
일본,일본,2024,연간,1036013.0,10.1,,,KCII 국가별 수출현황의 한국→해당국가 수출액,한국의 전체 화장품 수출액,https://www.kcii.re.kr/trade/country_list?type=EXPORT&year=2024&page=1
일본,일본,2025,연간,1086735.0,9.5,,,KCII 국가별 수출현황의 한국→해당국가 수출액,한국의 전체 화장품 수출액,https://www.kcii.re.kr/trade/country_list?type=EXPORT&year=2026&page=1
일본,일본,2026,1~8월 누계,775584.0,8.0,71.4,2026년 1~8월 누계 ÷ 2025년 연간 실적 × 100; 성장률이 아닌 전년도 연간 실적 도달 수준,KCII 국가별 수출현황의 한국→해당국가 수출액,한국의 전체 화장품 수출액,https://www.kcii.re.kr/trade/country_list?type=EXPORT&year=2026&page=1
UAE,아랍에미리트 연합,2021,연간,42882.0,0.5,,,KCII 국가별 수출현황의 한국→해당국가 수출액,한국의 전체 화장품 수출액,https://www.kcii.re.kr/trade/country_list?type=EXPORT&year=2022&page=2
UAE,아랍에미리트 연합,2022,연간,58146.0,0.7,,,KCII 국가별 수출현황의 한국→해당국가 수출액,한국의 전체 화장품 수출액,https://www.kcii.re.kr/trade/country_list?type=EXPORT&year=2022&page=2
UAE,아랍에미리트 연합,2023,연간,89490.0,1.1,,,KCII 국가별 수출현황의 한국→해당국가 수출액,한국의 전체 화장품 수출액,https://www.kcii.re.kr/trade/country_list?type=EXPORT&year=2024&page=1
UAE,아랍에미리트 연합,2024,연간,173973.0,1.7,,,KCII 국가별 수출현황의 한국→해당국가 수출액,한국의 전체 화장품 수출액,https://www.kcii.re.kr/trade/country_list?type=EXPORT&year=2024&page=1
UAE,아랍에미리트 연합,2025,연간,286511.0,2.5,,,KCII 국가별 수출현황의 한국→해당국가 수출액,한국의 전체 화장품 수출액,https://www.kcii.re.kr/trade/country_list?type=EXPORT&year=2026&page=2
UAE,아랍에미리트 연합,2026,1~8월 누계,170601.0,1.8,59.5,2026년 1~8월 누계 ÷ 2025년 연간 실적 × 100; 성장률이 아닌 전년도 연간 실적 도달 수준,KCII 국가별 수출현황의 한국→해당국가 수출액,한국의 전체 화장품 수출액,https://www.kcii.re.kr/trade/country_list?type=EXPORT&year=2026&page=2
러시아,러시아 연방,2021,연간,290447.0,3.2,,,KCII 국가별 수출현황의 한국→해당국가 수출액,한국의 전체 화장품 수출액,https://www.kcii.re.kr/trade/country_list?type=EXPORT&year=2022&page=1
러시아,러시아 연방,2022,연간,286927.0,3.6,,,KCII 국가별 수출현황의 한국→해당국가 수출액,한국의 전체 화장품 수출액,https://www.kcii.re.kr/trade/country_list?type=EXPORT&year=2022&page=1
러시아,러시아 연방,2023,연간,409871.0,4.8,,,KCII 국가별 수출현황의 한국→해당국가 수출액,한국의 전체 화장품 수출액,https://www.kcii.re.kr/trade/country_list?type=EXPORT&year=2024&page=1
러시아,러시아 연방,2024,연간,404552.0,3.9,,,KCII 국가별 수출현황의 한국→해당국가 수출액,한국의 전체 화장품 수출액,https://www.kcii.re.kr/trade/country_list?type=EXPORT&year=2024&page=1
러시아,러시아 연방,2025,연간,442667.0,3.9,,,KCII 국가별 수출현황의 한국→해당국가 수출액,한국의 전체 화장품 수출액,https://www.kcii.re.kr/trade/country_list?type=EXPORT&year=2026&page=1
러시아,러시아 연방,2026,1~8월 누계,349256.0,3.6,78.9,2026년 1~8월 누계 ÷ 2025년 연간 실적 × 100; 성장률이 아닌 전년도 연간 실적 도달 수준,KCII 국가별 수출현황의 한국→해당국가 수출액,한국의 전체 화장품 수출액,https://www.kcii.re.kr/trade/country_list?type=EXPORT&year=2026&page=1
카자흐스탄,카자흐스탄,2021,연간,44582.0,0.5,,,KCII 국가별 수출현황의 한국→해당국가 수출액,한국의 전체 화장품 수출액,https://www.kcii.re.kr/trade/country_list?type=EXPORT&year=2022&page=2
카자흐스탄,카자흐스탄,2022,연간,49585.0,0.6,,,KCII 국가별 수출현황의 한국→해당국가 수출액,한국의 전체 화장품 수출액,https://www.kcii.re.kr/trade/country_list?type=EXPORT&year=2022&page=2
카자흐스탄,카자흐스탄,2023,연간,74115.0,0.9,,,KCII 국가별 수출현황의 한국→해당국가 수출액,한국의 전체 화장품 수출액,https://www.kcii.re.kr/trade/country_list?type=EXPORT&year=2024&page=2
카자흐스탄,카자흐스탄,2024,연간,97805.0,1.0,,,KCII 국가별 수출현황의 한국→해당국가 수출액,한국의 전체 화장품 수출액,https://www.kcii.re.kr/trade/country_list?type=EXPORT&year=2024&page=2
카자흐스탄,카자흐스탄,2025,연간,122107.0,1.1,,,KCII 국가별 수출현황의 한국→해당국가 수출액,한국의 전체 화장품 수출액,https://www.kcii.re.kr/trade/country_list?type=EXPORT&year=2026&page=2
카자흐스탄,카자흐스탄,2026,1~8월 누계,100768.0,1.0,82.5,2026년 1~8월 누계 ÷ 2025년 연간 실적 × 100; 성장률이 아닌 전년도 연간 실적 도달 수준,KCII 국가별 수출현황의 한국→해당국가 수출액,한국의 전체 화장품 수출액,https://www.kcii.re.kr/trade/country_list?type=EXPORT&year=2026&page=2
벨라루스,베라루스,2021,연간,2806.0,0.0,,,KCII 국가별 수출현황의 한국→해당국가 수출액,한국의 전체 화장품 수출액,https://www.kcii.re.kr/trade/country_list?type=EXPORT&year=2022&page=5
벨라루스,베라루스,2022,연간,4893.0,0.1,,,KCII 국가별 수출현황의 한국→해당국가 수출액,한국의 전체 화장품 수출액,https://www.kcii.re.kr/trade/country_list?type=EXPORT&year=2022&page=5
벨라루스,벨라루스,2023,연간,2881.0,0.0,,,KCII 국가별 수출현황의 한국→해당국가 수출액,한국의 전체 화장품 수출액,https://www.kcii.re.kr/trade/country_list?type=EXPORT&year=2024&page=6
벨라루스,벨라루스,2024,연간,6672.0,0.1,,,KCII 국가별 수출현황의 한국→해당국가 수출액,한국의 전체 화장품 수출액,https://www.kcii.re.kr/trade/country_list?type=EXPORT&year=2024&page=6
벨라루스,벨라루스,2025,연간,8424.0,0.1,,,KCII 국가별 수출현황의 한국→해당국가 수출액,한국의 전체 화장품 수출액,https://www.kcii.re.kr/trade/country_list?type=EXPORT&year=2026&page=6
벨라루스,벨라루스,2026,1~8월 누계,8615.0,0.1,102.3,2026년 1~8월 누계 ÷ 2025년 연간 실적 × 100; 성장률이 아닌 전년도 연간 실적 도달 수준,KCII 국가별 수출현황의 한국→해당국가 수출액,한국의 전체 화장품 수출액,https://www.kcii.re.kr/trade/country_list?type=EXPORT&year=2026&page=6
아르메니아,아르메니아,2021,연간,1397.0,0.0,,,KCII 국가별 수출현황의 한국→해당국가 수출액,한국의 전체 화장품 수출액,https://www.kcii.re.kr/trade/country_list?type=EXPORT&year=2022&page=7
아르메니아,아르메니아,2022,연간,2633.0,0.0,,,KCII 국가별 수출현황의 한국→해당국가 수출액,한국의 전체 화장품 수출액,https://www.kcii.re.kr/trade/country_list?type=EXPORT&year=2022&page=7
아르메니아,아르메니아,2023,연간,2040.0,0.0,,,KCII 국가별 수출현황의 한국→해당국가 수출액,한국의 전체 화장품 수출액,https://www.kcii.re.kr/trade/country_list?type=EXPORT&year=2024&page=8
아르메니아,아르메니아,2024,연간,1930.0,0.0,,,KCII 국가별 수출현황의 한국→해당국가 수출액,한국의 전체 화장품 수출액,https://www.kcii.re.kr/trade/country_list?type=EXPORT&year=2024&page=8
아르메니아,아르메니아,2025,연간,1442.0,0.0,,,KCII 국가별 수출현황의 한국→해당국가 수출액,한국의 전체 화장품 수출액,https://www.kcii.re.kr/trade/country_list?type=EXPORT&year=2026&page=9
아르메니아,아르메니아,2026,1~8월 누계,1795.0,0.0,124.5,2026년 1~8월 누계 ÷ 2025년 연간 실적 × 100; 성장률이 아닌 전년도 연간 실적 도달 수준,KCII 국가별 수출현황의 한국→해당국가 수출액,한국의 전체 화장품 수출액,https://www.kcii.re.kr/trade/country_list?type=EXPORT&year=2026&page=9
키르기스스탄,키르기스스탄,2021,연간,39566.0,0.4,,,KCII 국가별 수출현황의 한국→해당국가 수출액,한국의 전체 화장품 수출액,https://www.kcii.re.kr/trade/country_list?type=EXPORT&year=2022&page=2
키르기스스탄,키르기스스탄,2022,연간,52703.0,0.7,,,KCII 국가별 수출현황의 한국→해당국가 수출액,한국의 전체 화장품 수출액,https://www.kcii.re.kr/trade/country_list?type=EXPORT&year=2022&page=2
키르기스스탄,키르기스스탄,2023,연간,69375.0,0.8,,,KCII 국가별 수출현황의 한국→해당국가 수출액,한국의 전체 화장품 수출액,https://www.kcii.re.kr/trade/country_list?type=EXPORT&year=2024&page=2
키르기스스탄,키르기스스탄,2024,연간,81654.0,0.8,,,KCII 국가별 수출현황의 한국→해당국가 수출액,한국의 전체 화장품 수출액,https://www.kcii.re.kr/trade/country_list?type=EXPORT&year=2024&page=2
키르기스스탄,키르기스스탄,2025,연간,92173.0,0.8,,,KCII 국가별 수출현황의 한국→해당국가 수출액,한국의 전체 화장품 수출액,https://www.kcii.re.kr/trade/country_list?type=EXPORT&year=2026&page=3
키르기스스탄,키르기스스탄,2026,1~8월 누계,83814.0,0.9,90.9,2026년 1~8월 누계 ÷ 2025년 연간 실적 × 100; 성장률이 아닌 전년도 연간 실적 도달 수준,KCII 국가별 수출현황의 한국→해당국가 수출액,한국의 전체 화장품 수출액,https://www.kcii.re.kr/trade/country_list?type=EXPORT&year=2026&page=3
오스트리아,오스트리아,2021,연간,562.0,0.0,,,KCII 국가별 수출현황의 한국→해당국가 수출액,한국의 전체 화장품 수출액,https://www.kcii.re.kr/trade/country_list?type=EXPORT&year=2022&page=9
오스트리아,오스트리아,2022,연간,675.0,0.0,,,KCII 국가별 수출현황의 한국→해당국가 수출액,한국의 전체 화장품 수출액,https://www.kcii.re.kr/trade/country_list?type=EXPORT&year=2022&page=9
오스트리아,오스트리아,2023,연간,1109.0,0.0,,,KCII 국가별 수출현황의 한국→해당국가 수출액,한국의 전체 화장품 수출액,https://www.kcii.re.kr/trade/country_list?type=EXPORT&year=2024&page=9
오스트리아,오스트리아,2024,연간,1893.0,0.0,,,KCII 국가별 수출현황의 한국→해당국가 수출액,한국의 전체 화장품 수출액,https://www.kcii.re.kr/trade/country_list?type=EXPORT&year=2024&page=9
오스트리아,오스트리아,2025,연간,1253.0,0.0,,,KCII 국가별 수출현황의 한국→해당국가 수출액,한국의 전체 화장품 수출액,https://www.kcii.re.kr/trade/country_list?type=EXPORT&year=2026&page=10
오스트리아,오스트리아,2026,1~8월 누계,1491.0,0.0,119.0,2026년 1~8월 누계 ÷ 2025년 연간 실적 × 100; 성장률이 아닌 전년도 연간 실적 도달 수준,KCII 국가별 수출현황의 한국→해당국가 수출액,한국의 전체 화장품 수출액,https://www.kcii.re.kr/trade/country_list?type=EXPORT&year=2026&page=10
벨기에,벨기에,2021,연간,4661.0,0.1,,,KCII 국가별 수출현황의 한국→해당국가 수출액,한국의 전체 화장품 수출액,https://www.kcii.re.kr/trade/country_list?type=EXPORT&year=2022&page=6
벨기에,벨기에,2022,연간,3679.0,0.0,,,KCII 국가별 수출현황의 한국→해당국가 수출액,한국의 전체 화장품 수출액,https://www.kcii.re.kr/trade/country_list?type=EXPORT&year=2022&page=6
벨기에,벨기에,2023,연간,10159.0,0.1,,,KCII 국가별 수출현황의 한국→해당국가 수출액,한국의 전체 화장품 수출액,https://www.kcii.re.kr/trade/country_list?type=EXPORT&year=2024&page=5
벨기에,벨기에,2024,연간,14982.0,0.1,,,KCII 국가별 수출현황의 한국→해당국가 수출액,한국의 전체 화장품 수출액,https://www.kcii.re.kr/trade/country_list?type=EXPORT&year=2024&page=5
벨기에,벨기에,2025,연간,26533.0,0.2,,,KCII 국가별 수출현황의 한국→해당국가 수출액,한국의 전체 화장품 수출액,https://www.kcii.re.kr/trade/country_list?type=EXPORT&year=2026&page=5
벨기에,벨기에,2026,1~8월 누계,21332.0,0.2,80.4,2026년 1~8월 누계 ÷ 2025년 연간 실적 × 100; 성장률이 아닌 전년도 연간 실적 도달 수준,KCII 국가별 수출현황의 한국→해당국가 수출액,한국의 전체 화장품 수출액,https://www.kcii.re.kr/trade/country_list?type=EXPORT&year=2026&page=5
독일,독일,2021,연간,27084.0,0.3,,,KCII 국가별 수출현황의 한국→해당국가 수출액,한국의 전체 화장품 수출액,https://www.kcii.re.kr/trade/country_list?type=EXPORT&year=2022&page=3
독일,독일,2022,연간,29992.0,0.4,,,KCII 국가별 수출현황의 한국→해당국가 수출액,한국의 전체 화장품 수출액,https://www.kcii.re.kr/trade/country_list?type=EXPORT&year=2022&page=3
독일,독일,2023,연간,46822.0,0.6,,,KCII 국가별 수출현황의 한국→해당국가 수출액,한국의 전체 화장품 수출액,https://www.kcii.re.kr/trade/country_list?type=EXPORT&year=2024&page=3
독일,독일,2024,연간,68665.0,0.7,,,KCII 국가별 수출현황의 한국→해당국가 수출액,한국의 전체 화장품 수출액,https://www.kcii.re.kr/trade/country_list?type=EXPORT&year=2024&page=3
독일,독일,2025,연간,95873.0,0.8,,,KCII 국가별 수출현황의 한국→해당국가 수출액,한국의 전체 화장품 수출액,https://www.kcii.re.kr/trade/country_list?type=EXPORT&year=2026&page=3
독일,독일,2026,1~8월 누계,89605.0,0.9,93.5,2026년 1~8월 누계 ÷ 2025년 연간 실적 × 100; 성장률이 아닌 전년도 연간 실적 도달 수준,KCII 국가별 수출현황의 한국→해당국가 수출액,한국의 전체 화장품 수출액,https://www.kcii.re.kr/trade/country_list?type=EXPORT&year=2026&page=3
프랑스,프랑스,2021,연간,56892.0,0.6,,,KCII 국가별 수출현황의 한국→해당국가 수출액,한국의 전체 화장품 수출액,https://www.kcii.re.kr/trade/country_list?type=EXPORT&year=2022&page=2
프랑스,프랑스,2022,연간,60161.0,0.8,,,KCII 국가별 수출현황의 한국→해당국가 수출액,한국의 전체 화장품 수출액,https://www.kcii.re.kr/trade/country_list?type=EXPORT&year=2022&page=2
프랑스,프랑스,2023,연간,71317.0,0.8,,,KCII 국가별 수출현황의 한국→해당국가 수출액,한국의 전체 화장품 수출액,https://www.kcii.re.kr/trade/country_list?type=EXPORT&year=2024&page=3
프랑스,프랑스,2024,연간,78164.0,0.8,,,KCII 국가별 수출현황의 한국→해당국가 수출액,한국의 전체 화장품 수출액,https://www.kcii.re.kr/trade/country_list?type=EXPORT&year=2024&page=3
프랑스,프랑스,2025,연간,134054.0,1.2,,,KCII 국가별 수출현황의 한국→해당국가 수출액,한국의 전체 화장품 수출액,https://www.kcii.re.kr/trade/country_list?type=EXPORT&year=2026&page=3
프랑스,프랑스,2026,1~8월 누계,90030.0,0.9,67.2,2026년 1~8월 누계 ÷ 2025년 연간 실적 × 100; 성장률이 아닌 전년도 연간 실적 도달 수준,KCII 국가별 수출현황의 한국→해당국가 수출액,한국의 전체 화장품 수출액,https://www.kcii.re.kr/trade/country_list?type=EXPORT&year=2026&page=3
룩셈부르크,룩셈부르그,2021,연간,184.0,0.0,,,KCII 국가별 수출현황의 한국→해당국가 수출액,한국의 전체 화장품 수출액,https://www.kcii.re.kr/trade/country_list?type=EXPORT&year=2022&page=13
룩셈부르크,룩셈부르그,2022,연간,45.0,0.0,,,KCII 국가별 수출현황의 한국→해당국가 수출액,한국의 전체 화장품 수출액,https://www.kcii.re.kr/trade/country_list?type=EXPORT&year=2022&page=13
룩셈부르크,룩셈부르그,2023,연간,289.0,0.0,,,KCII 국가별 수출현황의 한국→해당국가 수출액,한국의 전체 화장품 수출액,https://www.kcii.re.kr/trade/country_list?type=EXPORT&year=2024&page=11
룩셈부르크,룩셈부르그,2024,연간,502.0,0.0,,,KCII 국가별 수출현황의 한국→해당국가 수출액,한국의 전체 화장품 수출액,https://www.kcii.re.kr/trade/country_list?type=EXPORT&year=2024&page=11
룩셈부르크,룩셈부르그,2025,연간,747.0,0.0,,,KCII 국가별 수출현황의 한국→해당국가 수출액,한국의 전체 화장품 수출액,https://www.kcii.re.kr/trade/country_list?type=EXPORT&year=2026&page=12
룩셈부르크,룩셈부르그,2026,1~8월 누계,550.0,0.0,73.6,2026년 1~8월 누계 ÷ 2025년 연간 실적 × 100; 성장률이 아닌 전년도 연간 실적 도달 수준,KCII 국가별 수출현황의 한국→해당국가 수출액,한국의 전체 화장품 수출액,https://www.kcii.re.kr/trade/country_list?type=EXPORT&year=2026&page=12
네덜란드,네덜란드,2021,연간,34779.0,0.4,,,KCII 국가별 수출현황의 한국→해당국가 수출액,한국의 전체 화장품 수출액,https://www.kcii.re.kr/trade/country_list?type=EXPORT&year=2022&page=3
네덜란드,네덜란드,2022,연간,34202.0,0.4,,,KCII 국가별 수출현황의 한국→해당국가 수출액,한국의 전체 화장품 수출액,https://www.kcii.re.kr/trade/country_list?type=EXPORT&year=2022&page=3
네덜란드,네덜란드,2023,연간,71951.0,0.8,,,KCII 국가별 수출현황의 한국→해당국가 수출액,한국의 전체 화장품 수출액,https://www.kcii.re.kr/trade/country_list?type=EXPORT&year=2024&page=2
네덜란드,네덜란드,2024,연간,104539.0,1.0,,,KCII 국가별 수출현황의 한국→해당국가 수출액,한국의 전체 화장품 수출액,https://www.kcii.re.kr/trade/country_list?type=EXPORT&year=2024&page=2
네덜란드,네덜란드,2025,연간,137708.0,1.2,,,KCII 국가별 수출현황의 한국→해당국가 수출액,한국의 전체 화장품 수출액,https://www.kcii.re.kr/trade/country_list?type=EXPORT&year=2026&page=1
네덜란드,네덜란드,2026,1~8월 누계,295119.0,3.1,214.3,2026년 1~8월 누계 ÷ 2025년 연간 실적 × 100; 성장률이 아닌 전년도 연간 실적 도달 수준,KCII 국가별 수출현황의 한국→해당국가 수출액,한국의 전체 화장품 수출액,https://www.kcii.re.kr/trade/country_list?type=EXPORT&year=2026&page=1
아일랜드,아일랜드,2021,연간,4115.0,0.0,,,KCII 국가별 수출현황의 한국→해당국가 수출액,한국의 전체 화장품 수출액,https://www.kcii.re.kr/trade/country_list?type=EXPORT&year=2022&page=6
아일랜드,아일랜드,2022,연간,4379.0,0.1,,,KCII 국가별 수출현황의 한국→해당국가 수출액,한국의 전체 화장품 수출액,https://www.kcii.re.kr/trade/country_list?type=EXPORT&year=2022&page=6
아일랜드,아일랜드,2023,연간,6005.0,0.1,,,KCII 국가별 수출현황의 한국→해당국가 수출액,한국의 전체 화장품 수출액,https://www.kcii.re.kr/trade/country_list?type=EXPORT&year=2024&page=6
아일랜드,아일랜드,2024,연간,8374.0,0.1,,,KCII 국가별 수출현황의 한국→해당국가 수출액,한국의 전체 화장품 수출액,https://www.kcii.re.kr/trade/country_list?type=EXPORT&year=2024&page=6
아일랜드,아일랜드,2025,연간,10683.0,0.1,,,KCII 국가별 수출현황의 한국→해당국가 수출액,한국의 전체 화장품 수출액,https://www.kcii.re.kr/trade/country_list?type=EXPORT&year=2026&page=7
아일랜드,아일랜드,2026,1~8월 누계,6202.0,0.1,58.1,2026년 1~8월 누계 ÷ 2025년 연간 실적 × 100; 성장률이 아닌 전년도 연간 실적 도달 수준,KCII 국가별 수출현황의 한국→해당국가 수출액,한국의 전체 화장품 수출액,https://www.kcii.re.kr/trade/country_list?type=EXPORT&year=2026&page=7
스페인,스페인,2021,연간,16920.0,0.2,,,KCII 국가별 수출현황의 한국→해당국가 수출액,한국의 전체 화장품 수출액,https://www.kcii.re.kr/trade/country_list?type=EXPORT&year=2022&page=3
스페인,스페인,2022,연간,18999.0,0.2,,,KCII 국가별 수출현황의 한국→해당국가 수출액,한국의 전체 화장품 수출액,https://www.kcii.re.kr/trade/country_list?type=EXPORT&year=2022&page=3
스페인,스페인,2023,연간,25729.0,0.3,,,KCII 국가별 수출현황의 한국→해당국가 수출액,한국의 전체 화장품 수출액,https://www.kcii.re.kr/trade/country_list?type=EXPORT&year=2024&page=3
스페인,스페인,2024,연간,36852.0,0.4,,,KCII 국가별 수출현황의 한국→해당국가 수출액,한국의 전체 화장품 수출액,https://www.kcii.re.kr/trade/country_list?type=EXPORT&year=2024&page=3
스페인,스페인,2025,연간,49162.0,0.4,,,KCII 국가별 수출현황의 한국→해당국가 수출액,한국의 전체 화장품 수출액,https://www.kcii.re.kr/trade/country_list?type=EXPORT&year=2026&page=4
스페인,스페인,2026,1~8월 누계,52224.0,0.5,106.2,2026년 1~8월 누계 ÷ 2025년 연간 실적 × 100; 성장률이 아닌 전년도 연간 실적 도달 수준,KCII 국가별 수출현황의 한국→해당국가 수출액,한국의 전체 화장품 수출액,https://www.kcii.re.kr/trade/country_list?type=EXPORT&year=2026&page=4
이탈리아,이탈리아,2021,연간,9013.0,0.1,,,KCII 국가별 수출현황의 한국→해당국가 수출액,한국의 전체 화장품 수출액,https://www.kcii.re.kr/trade/country_list?type=EXPORT&year=2022&page=4
이탈리아,이탈리아,2022,연간,9579.0,0.1,,,KCII 국가별 수출현황의 한국→해당국가 수출액,한국의 전체 화장품 수출액,https://www.kcii.re.kr/trade/country_list?type=EXPORT&year=2022&page=4
이탈리아,이탈리아,2023,연간,13207.0,0.2,,,KCII 국가별 수출현황의 한국→해당국가 수출액,한국의 전체 화장품 수출액,https://www.kcii.re.kr/trade/country_list?type=EXPORT&year=2024&page=4
이탈리아,이탈리아,2024,연간,22614.0,0.2,,,KCII 국가별 수출현황의 한국→해당국가 수출액,한국의 전체 화장품 수출액,https://www.kcii.re.kr/trade/country_list?type=EXPORT&year=2024&page=4
이탈리아,이탈리아,2025,연간,31218.0,0.3,,,KCII 국가별 수출현황의 한국→해당국가 수출액,한국의 전체 화장품 수출액,https://www.kcii.re.kr/trade/country_list?type=EXPORT&year=2026&page=5
이탈리아,이탈리아,2026,1~8월 누계,29177.0,0.3,93.5,2026년 1~8월 누계 ÷ 2025년 연간 실적 × 100; 성장률이 아닌 전년도 연간 실적 도달 수준,KCII 국가별 수출현황의 한국→해당국가 수출액,한국의 전체 화장품 수출액,https://www.kcii.re.kr/trade/country_list?type=EXPORT&year=2026&page=5
포르투갈,포루투갈,2021,연간,222.0,0.0,,,KCII 국가별 수출현황의 한국→해당국가 수출액,한국의 전체 화장품 수출액,https://www.kcii.re.kr/trade/country_list?type=EXPORT&year=2022&page=10
포르투갈,포루투갈,2022,연간,411.0,0.0,,,KCII 국가별 수출현황의 한국→해당국가 수출액,한국의 전체 화장품 수출액,https://www.kcii.re.kr/trade/country_list?type=EXPORT&year=2022&page=10
포르투갈,포루투갈,2023,연간,604.0,0.0,,,KCII 국가별 수출현황의 한국→해당국가 수출액,한국의 전체 화장품 수출액,https://www.kcii.re.kr/trade/country_list?type=EXPORT&year=2024&page=11
포르투갈,포루투갈,2024,연간,640.0,0.0,,,KCII 국가별 수출현황의 한국→해당국가 수출액,한국의 전체 화장품 수출액,https://www.kcii.re.kr/trade/country_list?type=EXPORT&year=2024&page=11
포르투갈,포루투갈,2025,연간,1026.0,0.0,,,KCII 국가별 수출현황의 한국→해당국가 수출액,한국의 전체 화장품 수출액,https://www.kcii.re.kr/trade/country_list?type=EXPORT&year=2026&page=10
포르투갈,포루투갈,2026,1~8월 누계,1387.0,0.0,135.2,2026년 1~8월 누계 ÷ 2025년 연간 실적 × 100; 성장률이 아닌 전년도 연간 실적 도달 수준,KCII 국가별 수출현황의 한국→해당국가 수출액,한국의 전체 화장품 수출액,https://www.kcii.re.kr/trade/country_list?type=EXPORT&year=2026&page=10
그리스,그리스,2021,연간,1688.0,0.0,,,KCII 국가별 수출현황의 한국→해당국가 수출액,한국의 전체 화장품 수출액,https://www.kcii.re.kr/trade/country_list?type=EXPORT&year=2022&page=6
그리스,그리스,2022,연간,3289.0,0.0,,,KCII 국가별 수출현황의 한국→해당국가 수출액,한국의 전체 화장품 수출액,https://www.kcii.re.kr/trade/country_list?type=EXPORT&year=2022&page=6
그리스,그리스,2023,연간,4495.0,0.1,,,KCII 국가별 수출현황의 한국→해당국가 수출액,한국의 전체 화장품 수출액,https://www.kcii.re.kr/trade/country_list?type=EXPORT&year=2024&page=6
그리스,그리스,2024,연간,7377.0,0.1,,,KCII 국가별 수출현황의 한국→해당국가 수출액,한국의 전체 화장품 수출액,https://www.kcii.re.kr/trade/country_list?type=EXPORT&year=2024&page=6
그리스,그리스,2025,연간,10235.0,0.1,,,KCII 국가별 수출현황의 한국→해당국가 수출액,한국의 전체 화장품 수출액,https://www.kcii.re.kr/trade/country_list?type=EXPORT&year=2026&page=6
그리스,그리스,2026,1~8월 누계,10689.0,0.1,104.4,2026년 1~8월 누계 ÷ 2025년 연간 실적 × 100; 성장률이 아닌 전년도 연간 실적 도달 수준,KCII 국가별 수출현황의 한국→해당국가 수출액,한국의 전체 화장품 수출액,https://www.kcii.re.kr/trade/country_list?type=EXPORT&year=2026&page=6
크로아티아,크로아티아,2021,연간,261.0,0.0,,,KCII 국가별 수출현황의 한국→해당국가 수출액,한국의 전체 화장품 수출액,https://www.kcii.re.kr/trade/country_list?type=EXPORT&year=2022&page=10
크로아티아,크로아티아,2022,연간,446.0,0.0,,,KCII 국가별 수출현황의 한국→해당국가 수출액,한국의 전체 화장품 수출액,https://www.kcii.re.kr/trade/country_list?type=EXPORT&year=2022&page=10
크로아티아,크로아티아,2023,연간,956.0,0.0,,,KCII 국가별 수출현황의 한국→해당국가 수출액,한국의 전체 화장품 수출액,https://www.kcii.re.kr/trade/country_list?type=EXPORT&year=2024&page=9
크로아티아,크로아티아,2024,연간,1925.0,0.0,,,KCII 국가별 수출현황의 한국→해당국가 수출액,한국의 전체 화장품 수출액,https://www.kcii.re.kr/trade/country_list?type=EXPORT&year=2024&page=9
크로아티아,크로아티아,2025,연간,5557.0,0.0,,,KCII 국가별 수출현황의 한국→해당국가 수출액,한국의 전체 화장품 수출액,https://www.kcii.re.kr/trade/country_list?type=EXPORT&year=2026&page=8
크로아티아,크로아티아,2026,1~8월 누계,4136.0,0.0,74.4,2026년 1~8월 누계 ÷ 2025년 연간 실적 × 100; 성장률이 아닌 전년도 연간 실적 도달 수준,KCII 국가별 수출현황의 한국→해당국가 수출액,한국의 전체 화장품 수출액,https://www.kcii.re.kr/trade/country_list?type=EXPORT&year=2026&page=8
슬로베니아,슬로베니아,2021,연간,1032.0,0.0,,,KCII 국가별 수출현황의 한국→해당국가 수출액,한국의 전체 화장품 수출액,https://www.kcii.re.kr/trade/country_list?type=EXPORT&year=2022&page=9
슬로베니아,슬로베니아,2022,연간,778.0,0.0,,,KCII 국가별 수출현황의 한국→해당국가 수출액,한국의 전체 화장품 수출액,https://www.kcii.re.kr/trade/country_list?type=EXPORT&year=2022&page=9
슬로베니아,슬로베니아,2023,연간,811.0,0.0,,,KCII 국가별 수출현황의 한국→해당국가 수출액,한국의 전체 화장품 수출액,https://www.kcii.re.kr/trade/country_list?type=EXPORT&year=2024&page=9
슬로베니아,슬로베니아,2024,연간,1412.0,0.0,,,KCII 국가별 수출현황의 한국→해당국가 수출액,한국의 전체 화장품 수출액,https://www.kcii.re.kr/trade/country_list?type=EXPORT&year=2024&page=9
슬로베니아,슬로베니아,2025,연간,795.0,0.0,,,KCII 국가별 수출현황의 한국→해당국가 수출액,한국의 전체 화장품 수출액,https://www.kcii.re.kr/trade/country_list?type=EXPORT&year=2026&page=13
슬로베니아,슬로베니아,2026,1~8월 누계,375.0,0.0,47.2,2026년 1~8월 누계 ÷ 2025년 연간 실적 × 100; 성장률이 아닌 전년도 연간 실적 도달 수준,KCII 국가별 수출현황의 한국→해당국가 수출액,한국의 전체 화장품 수출액,https://www.kcii.re.kr/trade/country_list?type=EXPORT&year=2026&page=13
몰타,몰타,2021,연간,55.0,0.0,,,KCII 국가별 수출현황의 한국→해당국가 수출액,한국의 전체 화장품 수출액,https://www.kcii.re.kr/trade/country_list?type=EXPORT&year=2022&page=10
몰타,몰타,2022,연간,465.0,0.0,,,KCII 국가별 수출현황의 한국→해당국가 수출액,한국의 전체 화장품 수출액,https://www.kcii.re.kr/trade/country_list?type=EXPORT&year=2022&page=10
몰타,몰타,2023,연간,492.0,0.0,,,KCII 국가별 수출현황의 한국→해당국가 수출액,한국의 전체 화장품 수출액,https://www.kcii.re.kr/trade/country_list?type=EXPORT&year=2024&page=12
몰타,몰타,2024,연간,405.0,0.0,,,KCII 국가별 수출현황의 한국→해당국가 수출액,한국의 전체 화장품 수출액,https://www.kcii.re.kr/trade/country_list?type=EXPORT&year=2024&page=12
몰타,몰타,2025,연간,763.0,0.0,,,KCII 국가별 수출현황의 한국→해당국가 수출액,한국의 전체 화장품 수출액,https://www.kcii.re.kr/trade/country_list?type=EXPORT&year=2026&page=12
몰타,몰타,2026,1~8월 누계,750.0,0.0,98.3,2026년 1~8월 누계 ÷ 2025년 연간 실적 × 100; 성장률이 아닌 전년도 연간 실적 도달 수준,KCII 국가별 수출현황의 한국→해당국가 수출액,한국의 전체 화장품 수출액,https://www.kcii.re.kr/trade/country_list?type=EXPORT&year=2026&page=12
키프로스,사이프러스,2021,연간,504.0,0.0,,,KCII 국가별 수출현황의 한국→해당국가 수출액,한국의 전체 화장품 수출액,https://www.kcii.re.kr/trade/country_list?type=EXPORT&year=2022&page=8
키프로스,사이프러스,2022,연간,835.0,0.0,,,KCII 국가별 수출현황의 한국→해당국가 수출액,한국의 전체 화장품 수출액,https://www.kcii.re.kr/trade/country_list?type=EXPORT&year=2022&page=8
키프로스,사이프러스,2023,연간,1700.0,0.0,,,KCII 국가별 수출현황의 한국→해당국가 수출액,한국의 전체 화장품 수출액,https://www.kcii.re.kr/trade/country_list?type=EXPORT&year=2024&page=8
키프로스,사이프러스,2024,연간,3293.0,0.0,,,KCII 국가별 수출현황의 한국→해당국가 수출액,한국의 전체 화장품 수출액,https://www.kcii.re.kr/trade/country_list?type=EXPORT&year=2024&page=8
키프로스,사이프러스,2025,연간,5726.0,0.1,,,KCII 국가별 수출현황의 한국→해당국가 수출액,한국의 전체 화장품 수출액,https://www.kcii.re.kr/trade/country_list?type=EXPORT&year=2026&page=8
키프로스,사이프러스,2026,1~8월 누계,4322.0,0.0,75.5,2026년 1~8월 누계 ÷ 2025년 연간 실적 × 100; 성장률이 아닌 전년도 연간 실적 도달 수준,KCII 국가별 수출현황의 한국→해당국가 수출액,한국의 전체 화장품 수출액,https://www.kcii.re.kr/trade/country_list?type=EXPORT&year=2026&page=8
덴마크,덴마크,2021,연간,5029.0,0.1,,,KCII 국가별 수출현황의 한국→해당국가 수출액,한국의 전체 화장품 수출액,https://www.kcii.re.kr/trade/country_list?type=EXPORT&year=2022&page=5
덴마크,덴마크,2022,연간,4991.0,0.1,,,KCII 국가별 수출현황의 한국→해당국가 수출액,한국의 전체 화장품 수출액,https://www.kcii.re.kr/trade/country_list?type=EXPORT&year=2022&page=5
덴마크,덴마크,2023,연간,9255.0,0.1,,,KCII 국가별 수출현황의 한국→해당국가 수출액,한국의 전체 화장품 수출액,https://www.kcii.re.kr/trade/country_list?type=EXPORT&year=2024&page=4
덴마크,덴마크,2024,연간,19486.0,0.2,,,KCII 국가별 수출현황의 한국→해당국가 수출액,한국의 전체 화장품 수출액,https://www.kcii.re.kr/trade/country_list?type=EXPORT&year=2024&page=4
덴마크,덴마크,2025,연간,36349.0,0.3,,,KCII 국가별 수출현황의 한국→해당국가 수출액,한국의 전체 화장품 수출액,https://www.kcii.re.kr/trade/country_list?type=EXPORT&year=2026&page=4
덴마크,덴마크,2026,1~8월 누계,43398.0,0.4,119.4,2026년 1~8월 누계 ÷ 2025년 연간 실적 × 100; 성장률이 아닌 전년도 연간 실적 도달 수준,KCII 국가별 수출현황의 한국→해당국가 수출액,한국의 전체 화장품 수출액,https://www.kcii.re.kr/trade/country_list?type=EXPORT&year=2026&page=4
핀란드,핀란드,2021,연간,4206.0,0.0,,,KCII 국가별 수출현황의 한국→해당국가 수출액,한국의 전체 화장품 수출액,https://www.kcii.re.kr/trade/country_list?type=EXPORT&year=2022&page=6
핀란드,핀란드,2022,연간,3644.0,0.0,,,KCII 국가별 수출현황의 한국→해당국가 수출액,한국의 전체 화장품 수출액,https://www.kcii.re.kr/trade/country_list?type=EXPORT&year=2022&page=6
핀란드,핀란드,2023,연간,8230.0,0.1,,,KCII 국가별 수출현황의 한국→해당국가 수출액,한국의 전체 화장품 수출액,https://www.kcii.re.kr/trade/country_list?type=EXPORT&year=2024&page=5
핀란드,핀란드,2024,연간,13661.0,0.1,,,KCII 국가별 수출현황의 한국→해당국가 수출액,한국의 전체 화장품 수출액,https://www.kcii.re.kr/trade/country_list?type=EXPORT&year=2024&page=5
핀란드,핀란드,2025,연간,19436.0,0.2,,,KCII 국가별 수출현황의 한국→해당국가 수출액,한국의 전체 화장품 수출액,https://www.kcii.re.kr/trade/country_list?type=EXPORT&year=2026&page=5
핀란드,핀란드,2026,1~8월 누계,16110.0,0.2,82.9,2026년 1~8월 누계 ÷ 2025년 연간 실적 × 100; 성장률이 아닌 전년도 연간 실적 도달 수준,KCII 국가별 수출현황의 한국→해당국가 수출액,한국의 전체 화장품 수출액,https://www.kcii.re.kr/trade/country_list?type=EXPORT&year=2026&page=5
스웨덴,스웨덴,2021,연간,11268.0,0.1,,,KCII 국가별 수출현황의 한국→해당국가 수출액,한국의 전체 화장품 수출액,https://www.kcii.re.kr/trade/country_list?type=EXPORT&year=2022&page=4
스웨덴,스웨덴,2022,연간,13397.0,0.2,,,KCII 국가별 수출현황의 한국→해당국가 수출액,한국의 전체 화장품 수출액,https://www.kcii.re.kr/trade/country_list?type=EXPORT&year=2022&page=4
스웨덴,스웨덴,2023,연간,15795.0,0.2,,,KCII 국가별 수출현황의 한국→해당국가 수출액,한국의 전체 화장품 수출액,https://www.kcii.re.kr/trade/country_list?type=EXPORT&year=2024&page=4
스웨덴,스웨덴,2024,연간,23113.0,0.2,,,KCII 국가별 수출현황의 한국→해당국가 수출액,한국의 전체 화장품 수출액,https://www.kcii.re.kr/trade/country_list?type=EXPORT&year=2024&page=4
스웨덴,스웨덴,2025,연간,33780.0,0.3,,,KCII 국가별 수출현황의 한국→해당국가 수출액,한국의 전체 화장품 수출액,https://www.kcii.re.kr/trade/country_list?type=EXPORT&year=2026&page=5
스웨덴,스웨덴,2026,1~8월 누계,20121.0,0.2,59.6,2026년 1~8월 누계 ÷ 2025년 연간 실적 × 100; 성장률이 아닌 전년도 연간 실적 도달 수준,KCII 국가별 수출현황의 한국→해당국가 수출액,한국의 전체 화장품 수출액,https://www.kcii.re.kr/trade/country_list?type=EXPORT&year=2026&page=5
에스토니아,에스토니아,2021,연간,8846.0,0.1,,,KCII 국가별 수출현황의 한국→해당국가 수출액,한국의 전체 화장품 수출액,https://www.kcii.re.kr/trade/country_list?type=EXPORT&year=2022&page=4
에스토니아,에스토니아,2022,연간,8935.0,0.1,,,KCII 국가별 수출현황의 한국→해당국가 수출액,한국의 전체 화장품 수출액,https://www.kcii.re.kr/trade/country_list?type=EXPORT&year=2022&page=4
에스토니아,에스토니아,2023,연간,13656.0,0.2,,,KCII 국가별 수출현황의 한국→해당국가 수출액,한국의 전체 화장품 수출액,https://www.kcii.re.kr/trade/country_list?type=EXPORT&year=2024&page=4
에스토니아,에스토니아,2024,연간,27889.0,0.3,,,KCII 국가별 수출현황의 한국→해당국가 수출액,한국의 전체 화장품 수출액,https://www.kcii.re.kr/trade/country_list?type=EXPORT&year=2024&page=4
에스토니아,에스토니아,2025,연간,66582.0,0.6,,,KCII 국가별 수출현황의 한국→해당국가 수출액,한국의 전체 화장품 수출액,https://www.kcii.re.kr/trade/country_list?type=EXPORT&year=2026&page=2
에스토니아,에스토니아,2026,1~8월 누계,116893.0,1.2,175.6,2026년 1~8월 누계 ÷ 2025년 연간 실적 × 100; 성장률이 아닌 전년도 연간 실적 도달 수준,KCII 국가별 수출현황의 한국→해당국가 수출액,한국의 전체 화장품 수출액,https://www.kcii.re.kr/trade/country_list?type=EXPORT&year=2026&page=2
라트비아,라트비아,2021,연간,3532.0,0.0,,,KCII 국가별 수출현황의 한국→해당국가 수출액,한국의 전체 화장품 수출액,https://www.kcii.re.kr/trade/country_list?type=EXPORT&year=2022&page=6
라트비아,라트비아,2022,연간,4199.0,0.1,,,KCII 국가별 수출현황의 한국→해당국가 수출액,한국의 전체 화장품 수출액,https://www.kcii.re.kr/trade/country_list?type=EXPORT&year=2022&page=6
라트비아,라트비아,2023,연간,3100.0,0.0,,,KCII 국가별 수출현황의 한국→해당국가 수출액,한국의 전체 화장품 수출액,https://www.kcii.re.kr/trade/country_list?type=EXPORT&year=2024&page=7
라트비아,라트비아,2024,연간,3714.0,0.0,,,KCII 국가별 수출현황의 한국→해당국가 수출액,한국의 전체 화장품 수출액,https://www.kcii.re.kr/trade/country_list?type=EXPORT&year=2024&page=7
라트비아,라트비아,2025,연간,4754.0,0.0,,,KCII 국가별 수출현황의 한국→해당국가 수출액,한국의 전체 화장품 수출액,https://www.kcii.re.kr/trade/country_list?type=EXPORT&year=2026&page=8
라트비아,라트비아,2026,1~8월 누계,3714.0,0.0,78.1,2026년 1~8월 누계 ÷ 2025년 연간 실적 × 100; 성장률이 아닌 전년도 연간 실적 도달 수준,KCII 국가별 수출현황의 한국→해당국가 수출액,한국의 전체 화장품 수출액,https://www.kcii.re.kr/trade/country_list?type=EXPORT&year=2026&page=8
리투아니아,리투아니아,2021,연간,2874.0,0.0,,,KCII 국가별 수출현황의 한국→해당국가 수출액,한국의 전체 화장품 수출액,https://www.kcii.re.kr/trade/country_list?type=EXPORT&year=2022&page=4
리투아니아,리투아니아,2022,연간,11368.0,0.1,,,KCII 국가별 수출현황의 한국→해당국가 수출액,한국의 전체 화장품 수출액,https://www.kcii.re.kr/trade/country_list?type=EXPORT&year=2022&page=4
리투아니아,리투아니아,2023,연간,16194.0,0.2,,,KCII 국가별 수출현황의 한국→해당국가 수출액,한국의 전체 화장품 수출액,https://www.kcii.re.kr/trade/country_list?type=EXPORT&year=2024&page=4
리투아니아,리투아니아,2024,연간,30735.0,0.3,,,KCII 국가별 수출현황의 한국→해당국가 수출액,한국의 전체 화장품 수출액,https://www.kcii.re.kr/trade/country_list?type=EXPORT&year=2024&page=4
리투아니아,리투아니아,2025,연간,48117.0,0.4,,,KCII 국가별 수출현황의 한국→해당국가 수출액,한국의 전체 화장품 수출액,https://www.kcii.re.kr/trade/country_list?type=EXPORT&year=2026&page=4
리투아니아,리투아니아,2026,1~8월 누계,33092.0,0.3,68.8,2026년 1~8월 누계 ÷ 2025년 연간 실적 × 100; 성장률이 아닌 전년도 연간 실적 도달 수준,KCII 국가별 수출현황의 한국→해당국가 수출액,한국의 전체 화장품 수출액,https://www.kcii.re.kr/trade/country_list?type=EXPORT&year=2026&page=4
폴란드,폴란드,2021,연간,31797.0,0.3,,,KCII 국가별 수출현황의 한국→해당국가 수출액,한국의 전체 화장품 수출액,https://www.kcii.re.kr/trade/country_list?type=EXPORT&year=2022&page=3
폴란드,폴란드,2022,연간,35094.0,0.4,,,KCII 국가별 수출현황의 한국→해당국가 수출액,한국의 전체 화장품 수출액,https://www.kcii.re.kr/trade/country_list?type=EXPORT&year=2022&page=3
폴란드,폴란드,2023,연간,51546.0,0.6,,,KCII 국가별 수출현황의 한국→해당국가 수출액,한국의 전체 화장품 수출액,https://www.kcii.re.kr/trade/country_list?type=EXPORT&year=2024&page=2
폴란드,폴란드,2024,연간,125825.0,1.2,,,KCII 국가별 수출현황의 한국→해당국가 수출액,한국의 전체 화장품 수출액,https://www.kcii.re.kr/trade/country_list?type=EXPORT&year=2024&page=2
폴란드,폴란드,2025,연간,282408.0,2.5,,,KCII 국가별 수출현황의 한국→해당국가 수출액,한국의 전체 화장품 수출액,https://www.kcii.re.kr/trade/country_list?type=EXPORT&year=2026&page=1
폴란드,폴란드,2026,1~8월 누계,301284.0,3.1,106.7,2026년 1~8월 누계 ÷ 2025년 연간 실적 × 100; 성장률이 아닌 전년도 연간 실적 도달 수준,KCII 국가별 수출현황의 한국→해당국가 수출액,한국의 전체 화장품 수출액,https://www.kcii.re.kr/trade/country_list?type=EXPORT&year=2026&page=1
체코,체코공화국,2021,연간,6935.0,0.1,,,KCII 국가별 수출현황의 한국→해당국가 수출액,한국의 전체 화장품 수출액,https://www.kcii.re.kr/trade/country_list?type=EXPORT&year=2022&page=4
체코,체코공화국,2022,연간,10619.0,0.1,,,KCII 국가별 수출현황의 한국→해당국가 수출액,한국의 전체 화장품 수출액,https://www.kcii.re.kr/trade/country_list?type=EXPORT&year=2022&page=4
체코,체코공화국,2023,연간,15261.0,0.2,,,KCII 국가별 수출현황의 한국→해당국가 수출액,한국의 전체 화장품 수출액,https://www.kcii.re.kr/trade/country_list?type=EXPORT&year=2024&page=4
체코,체코공화국,2024,연간,28720.0,0.3,,,KCII 국가별 수출현황의 한국→해당국가 수출액,한국의 전체 화장품 수출액,https://www.kcii.re.kr/trade/country_list?type=EXPORT&year=2024&page=4
체코,체코공화국,2025,연간,56309.0,0.5,,,KCII 국가별 수출현황의 한국→해당국가 수출액,한국의 전체 화장품 수출액,https://www.kcii.re.kr/trade/country_list?type=EXPORT&year=2026&page=3
체코,체코공화국,2026,1~8월 누계,63840.0,0.7,113.4,2026년 1~8월 누계 ÷ 2025년 연간 실적 × 100; 성장률이 아닌 전년도 연간 실적 도달 수준,KCII 국가별 수출현황의 한국→해당국가 수출액,한국의 전체 화장품 수출액,https://www.kcii.re.kr/trade/country_list?type=EXPORT&year=2026&page=3
슬로바키아,슬로바키아,2021,연간,2039.0,0.0,,,KCII 국가별 수출현황의 한국→해당국가 수출액,한국의 전체 화장품 수출액,https://www.kcii.re.kr/trade/country_list?type=EXPORT&year=2022&page=7
슬로바키아,슬로바키아,2022,연간,2991.0,0.0,,,KCII 국가별 수출현황의 한국→해당국가 수출액,한국의 전체 화장품 수출액,https://www.kcii.re.kr/trade/country_list?type=EXPORT&year=2022&page=7
슬로바키아,슬로바키아,2023,연간,4068.0,0.0,,,KCII 국가별 수출현황의 한국→해당국가 수출액,한국의 전체 화장품 수출액,https://www.kcii.re.kr/trade/country_list?type=EXPORT&year=2024&page=6
슬로바키아,슬로바키아,2024,연간,8439.0,0.1,,,KCII 국가별 수출현황의 한국→해당국가 수출액,한국의 전체 화장품 수출액,https://www.kcii.re.kr/trade/country_list?type=EXPORT&year=2024&page=6
슬로바키아,슬로바키아,2025,연간,18312.0,0.2,,,KCII 국가별 수출현황의 한국→해당국가 수출액,한국의 전체 화장품 수출액,https://www.kcii.re.kr/trade/country_list?type=EXPORT&year=2026&page=5
슬로바키아,슬로바키아,2026,1~8월 누계,21478.0,0.2,117.3,2026년 1~8월 누계 ÷ 2025년 연간 실적 × 100; 성장률이 아닌 전년도 연간 실적 도달 수준,KCII 국가별 수출현황의 한국→해당국가 수출액,한국의 전체 화장품 수출액,https://www.kcii.re.kr/trade/country_list?type=EXPORT&year=2026&page=5
헝가리,헝가리,2021,연간,1702.0,0.0,,,KCII 국가별 수출현황의 한국→해당국가 수출액,한국의 전체 화장품 수출액,https://www.kcii.re.kr/trade/country_list?type=EXPORT&year=2022&page=7
헝가리,헝가리,2022,연간,2093.0,0.0,,,KCII 국가별 수출현황의 한국→해당국가 수출액,한국의 전체 화장품 수출액,https://www.kcii.re.kr/trade/country_list?type=EXPORT&year=2022&page=7
헝가리,헝가리,2023,연간,2509.0,0.0,,,KCII 국가별 수출현황의 한국→해당국가 수출액,한국의 전체 화장품 수출액,https://www.kcii.re.kr/trade/country_list?type=EXPORT&year=2024&page=7
헝가리,헝가리,2024,연간,3507.0,0.0,,,KCII 국가별 수출현황의 한국→해당국가 수출액,한국의 전체 화장품 수출액,https://www.kcii.re.kr/trade/country_list?type=EXPORT&year=2024&page=7
헝가리,헝가리,2025,연간,6128.0,0.1,,,KCII 국가별 수출현황의 한국→해당국가 수출액,한국의 전체 화장품 수출액,https://www.kcii.re.kr/trade/country_list?type=EXPORT&year=2026&page=7
헝가리,헝가리,2026,1~8월 누계,5202.0,0.1,84.9,2026년 1~8월 누계 ÷ 2025년 연간 실적 × 100; 성장률이 아닌 전년도 연간 실적 도달 수준,KCII 국가별 수출현황의 한국→해당국가 수출액,한국의 전체 화장품 수출액,https://www.kcii.re.kr/trade/country_list?type=EXPORT&year=2026&page=7
루마니아,루마니아,2021,연간,6720.0,0.1,,,KCII 국가별 수출현황의 한국→해당국가 수출액,한국의 전체 화장품 수출액,https://www.kcii.re.kr/trade/country_list?type=EXPORT&year=2022&page=4
루마니아,루마니아,2022,연간,8317.0,0.1,,,KCII 국가별 수출현황의 한국→해당국가 수출액,한국의 전체 화장품 수출액,https://www.kcii.re.kr/trade/country_list?type=EXPORT&year=2022&page=4
루마니아,루마니아,2023,연간,13483.0,0.2,,,KCII 국가별 수출현황의 한국→해당국가 수출액,한국의 전체 화장품 수출액,https://www.kcii.re.kr/trade/country_list?type=EXPORT&year=2024&page=5
루마니아,루마니아,2024,연간,17563.0,0.2,,,KCII 국가별 수출현황의 한국→해당국가 수출액,한국의 전체 화장품 수출액,https://www.kcii.re.kr/trade/country_list?type=EXPORT&year=2024&page=5
루마니아,루마니아,2025,연간,28994.0,0.3,,,KCII 국가별 수출현황의 한국→해당국가 수출액,한국의 전체 화장품 수출액,https://www.kcii.re.kr/trade/country_list?type=EXPORT&year=2026&page=4
루마니아,루마니아,2026,1~8월 누계,29955.0,0.3,103.3,2026년 1~8월 누계 ÷ 2025년 연간 실적 × 100; 성장률이 아닌 전년도 연간 실적 도달 수준,KCII 국가별 수출현황의 한국→해당국가 수출액,한국의 전체 화장품 수출액,https://www.kcii.re.kr/trade/country_list?type=EXPORT&year=2026&page=4
불가리아,불가리아,2021,연간,5267.0,0.1,,,KCII 국가별 수출현황의 한국→해당국가 수출액,한국의 전체 화장품 수출액,https://www.kcii.re.kr/trade/country_list?type=EXPORT&year=2022&page=5
불가리아,불가리아,2022,연간,5737.0,0.1,,,KCII 국가별 수출현황의 한국→해당국가 수출액,한국의 전체 화장품 수출액,https://www.kcii.re.kr/trade/country_list?type=EXPORT&year=2022&page=5
불가리아,불가리아,2023,연간,7602.0,0.1,,,KCII 국가별 수출현황의 한국→해당국가 수출액,한국의 전체 화장품 수출액,https://www.kcii.re.kr/trade/country_list?type=EXPORT&year=2024&page=5
불가리아,불가리아,2024,연간,12262.0,0.1,,,KCII 국가별 수출현황의 한국→해당국가 수출액,한국의 전체 화장품 수출액,https://www.kcii.re.kr/trade/country_list?type=EXPORT&year=2024&page=5
불가리아,불가리아,2025,연간,18164.0,0.2,,,KCII 국가별 수출현황의 한국→해당국가 수출액,한국의 전체 화장품 수출액,https://www.kcii.re.kr/trade/country_list?type=EXPORT&year=2026&page=6
불가리아,불가리아,2026,1~8월 누계,12636.0,0.1,69.6,2026년 1~8월 누계 ÷ 2025년 연간 실적 × 100; 성장률이 아닌 전년도 연간 실적 도달 수준,KCII 국가별 수출현황의 한국→해당국가 수출액,한국의 전체 화장품 수출액,https://www.kcii.re.kr/trade/country_list?type=EXPORT&year=2026&page=6
태국,태국,2021,연간,136506.0,1.5,,,KCII 국가별 수출현황의 한국→해당국가 수출액,한국의 전체 화장품 수출액,https://www.kcii.re.kr/trade/country_list?type=EXPORT&year=2022&page=1
태국,태국,2022,연간,154518.0,1.9,,,KCII 국가별 수출현황의 한국→해당국가 수출액,한국의 전체 화장품 수출액,https://www.kcii.re.kr/trade/country_list?type=EXPORT&year=2022&page=1
태국,태국,2023,연간,193521.0,2.3,,,KCII 국가별 수출현황의 한국→해당국가 수출액,한국의 전체 화장품 수출액,https://www.kcii.re.kr/trade/country_list?type=EXPORT&year=2024&page=1
태국,태국,2024,연간,226536.0,2.2,,,KCII 국가별 수출현황의 한국→해당국가 수출액,한국의 전체 화장품 수출액,https://www.kcii.re.kr/trade/country_list?type=EXPORT&year=2024&page=1
태국,태국,2025,연간,251382.0,2.2,,,KCII 국가별 수출현황의 한국→해당국가 수출액,한국의 전체 화장품 수출액,https://www.kcii.re.kr/trade/country_list?type=EXPORT&year=2026&page=2
태국,태국,2026,1~8월 누계,168365.0,1.7,67.0,2026년 1~8월 누계 ÷ 2025년 연간 실적 × 100; 성장률이 아닌 전년도 연간 실적 도달 수준,KCII 국가별 수출현황의 한국→해당국가 수출액,한국의 전체 화장품 수출액,https://www.kcii.re.kr/trade/country_list?type=EXPORT&year=2026&page=2
베트남,베트남,2021,연간,303968.0,3.3,,,KCII 국가별 수출현황의 한국→해당국가 수출액,한국의 전체 화장품 수출액,https://www.kcii.re.kr/trade/country_list?type=EXPORT&year=2022&page=1
베트남,베트남,2022,연간,375105.0,4.7,,,KCII 국가별 수출현황의 한국→해당국가 수출액,한국의 전체 화장품 수출액,https://www.kcii.re.kr/trade/country_list?type=EXPORT&year=2022&page=1
베트남,베트남,2023,연간,498227.0,5.9,,,KCII 국가별 수출현황의 한국→해당국가 수출액,한국의 전체 화장품 수출액,https://www.kcii.re.kr/trade/country_list?type=EXPORT&year=2024&page=1
베트남,베트남,2024,연간,539980.0,5.3,,,KCII 국가별 수출현황의 한국→해당국가 수출액,한국의 전체 화장품 수출액,https://www.kcii.re.kr/trade/country_list?type=EXPORT&year=2024&page=1
베트남,베트남,2025,연간,476451.0,4.2,,,KCII 국가별 수출현황의 한국→해당국가 수출액,한국의 전체 화장품 수출액,https://www.kcii.re.kr/trade/country_list?type=EXPORT&year=2026&page=1
베트남,베트남,2026,1~8월 누계,335874.0,3.5,70.5,2026년 1~8월 누계 ÷ 2025년 연간 실적 × 100; 성장률이 아닌 전년도 연간 실적 도달 수준,KCII 국가별 수출현황의 한국→해당국가 수출액,한국의 전체 화장품 수출액,https://www.kcii.re.kr/trade/country_list?type=EXPORT&year=2026&page=1
인도네시아,인도네시아,2021,연간,71122.0,0.8,,,KCII 국가별 수출현황의 한국→해당국가 수출액,한국의 전체 화장품 수출액,https://www.kcii.re.kr/trade/country_list?type=EXPORT&year=2022&page=2
인도네시아,인도네시아,2022,연간,56658.0,0.7,,,KCII 국가별 수출현황의 한국→해당국가 수출액,한국의 전체 화장품 수출액,https://www.kcii.re.kr/trade/country_list?type=EXPORT&year=2022&page=2
인도네시아,인도네시아,2023,연간,80537.0,0.9,,,KCII 국가별 수출현황의 한국→해당국가 수출액,한국의 전체 화장품 수출액,https://www.kcii.re.kr/trade/country_list?type=EXPORT&year=2024&page=2
인도네시아,인도네시아,2024,연간,136722.0,1.3,,,KCII 국가별 수출현황의 한국→해당국가 수출액,한국의 전체 화장품 수출액,https://www.kcii.re.kr/trade/country_list?type=EXPORT&year=2024&page=2
인도네시아,인도네시아,2025,연간,168098.0,1.5,,,KCII 국가별 수출현황의 한국→해당국가 수출액,한국의 전체 화장품 수출액,https://www.kcii.re.kr/trade/country_list?type=EXPORT&year=2026&page=2
인도네시아,인도네시아,2026,1~8월 누계,132660.0,1.4,78.9,2026년 1~8월 누계 ÷ 2025년 연간 실적 × 100; 성장률이 아닌 전년도 연간 실적 도달 수준,KCII 국가별 수출현황의 한국→해당국가 수출액,한국의 전체 화장품 수출액,https://www.kcii.re.kr/trade/country_list?type=EXPORT&year=2026&page=2
싱가포르,싱가포르,2021,연간,117001.0,1.3,,,KCII 국가별 수출현황의 한국→해당국가 수출액,한국의 전체 화장품 수출액,https://www.kcii.re.kr/trade/country_list?type=EXPORT&year=2022&page=1
싱가포르,싱가포르,2022,연간,118871.0,1.5,,,KCII 국가별 수출현황의 한국→해당국가 수출액,한국의 전체 화장품 수출액,https://www.kcii.re.kr/trade/country_list?type=EXPORT&year=2022&page=1
싱가포르,싱가포르,2023,연간,129274.0,1.5,,,KCII 국가별 수출현황의 한국→해당국가 수출액,한국의 전체 화장품 수출액,https://www.kcii.re.kr/trade/country_list?type=EXPORT&year=2024&page=1
싱가포르,싱가포르,2024,연간,154748.0,1.5,,,KCII 국가별 수출현황의 한국→해당국가 수출액,한국의 전체 화장품 수출액,https://www.kcii.re.kr/trade/country_list?type=EXPORT&year=2024&page=1
싱가포르,싱가포르,2025,연간,147218.0,1.3,,,KCII 국가별 수출현황의 한국→해당국가 수출액,한국의 전체 화장품 수출액,https://www.kcii.re.kr/trade/country_list?type=EXPORT&year=2026&page=2
싱가포르,싱가포르,2026,1~8월 누계,111033.0,1.2,75.4,2026년 1~8월 누계 ÷ 2025년 연간 실적 × 100; 성장률이 아닌 전년도 연간 실적 도달 수준,KCII 국가별 수출현황의 한국→해당국가 수출액,한국의 전체 화장품 수출액,https://www.kcii.re.kr/trade/country_list?type=EXPORT&year=2026&page=2
말레이시아,말레이시아,2021,연간,105072.0,1.1,,,KCII 국가별 수출현황의 한국→해당국가 수출액,한국의 전체 화장품 수출액,https://www.kcii.re.kr/trade/country_list?type=EXPORT&year=2022&page=1
말레이시아,말레이시아,2022,연간,115466.0,1.5,,,KCII 국가별 수출현황의 한국→해당국가 수출액,한국의 전체 화장품 수출액,https://www.kcii.re.kr/trade/country_list?type=EXPORT&year=2022&page=1
말레이시아,말레이시아,2023,연간,120747.0,1.4,,,KCII 국가별 수출현황의 한국→해당국가 수출액,한국의 전체 화장품 수출액,https://www.kcii.re.kr/trade/country_list?type=EXPORT&year=2024&page=2
말레이시아,말레이시아,2024,연간,152715.0,1.5,,,KCII 국가별 수출현황의 한국→해당국가 수출액,한국의 전체 화장품 수출액,https://www.kcii.re.kr/trade/country_list?type=EXPORT&year=2024&page=2
말레이시아,말레이시아,2025,연간,162130.0,1.4,,,KCII 국가별 수출현황의 한국→해당국가 수출액,한국의 전체 화장품 수출액,https://www.kcii.re.kr/trade/country_list?type=EXPORT&year=2026&page=2
말레이시아,말레이시아,2026,1~8월 누계,134627.0,1.4,83.0,2026년 1~8월 누계 ÷ 2025년 연간 실적 × 100; 성장률이 아닌 전년도 연간 실적 도달 수준,KCII 국가별 수출현황의 한국→해당국가 수출액,한국의 전체 화장품 수출액,https://www.kcii.re.kr/trade/country_list?type=EXPORT&year=2026&page=2
필리핀,필리핀,2021,연간,42676.0,0.5,,,KCII 국가별 수출현황의 한국→해당국가 수출액,한국의 전체 화장품 수출액,https://www.kcii.re.kr/trade/country_list?type=EXPORT&year=2022&page=2
필리핀,필리핀,2022,연간,61628.0,0.8,,,KCII 국가별 수출현황의 한국→해당국가 수출액,한국의 전체 화장품 수출액,https://www.kcii.re.kr/trade/country_list?type=EXPORT&year=2022&page=2
필리핀,필리핀,2023,연간,69997.0,0.8,,,KCII 국가별 수출현황의 한국→해당국가 수출액,한국의 전체 화장품 수출액,https://www.kcii.re.kr/trade/country_list?type=EXPORT&year=2024&page=2
필리핀,필리핀,2024,연간,91363.0,0.9,,,KCII 국가별 수출현황의 한국→해당국가 수출액,한국의 전체 화장품 수출액,https://www.kcii.re.kr/trade/country_list?type=EXPORT&year=2024&page=2
필리핀,필리핀,2025,연간,112215.0,1.0,,,KCII 국가별 수출현황의 한국→해당국가 수출액,한국의 전체 화장품 수출액,https://www.kcii.re.kr/trade/country_list?type=EXPORT&year=2026&page=3
필리핀,필리핀,2026,1~8월 누계,79737.0,0.8,71.1,2026년 1~8월 누계 ÷ 2025년 연간 실적 × 100; 성장률이 아닌 전년도 연간 실적 도달 수준,KCII 국가별 수출현황의 한국→해당국가 수출액,한국의 전체 화장품 수출액,https://www.kcii.re.kr/trade/country_list?type=EXPORT&year=2026&page=3
브루나이,브루나이,2021,연간,1127.0,0.0,,,KCII 국가별 수출현황의 한국→해당국가 수출액,한국의 전체 화장품 수출액,https://www.kcii.re.kr/trade/country_list?type=EXPORT&year=2022&page=7
브루나이,브루나이,2022,연간,2038.0,0.0,,,KCII 국가별 수출현황의 한국→해당국가 수출액,한국의 전체 화장품 수출액,https://www.kcii.re.kr/trade/country_list?type=EXPORT&year=2022&page=7
브루나이,브루나이,2023,연간,2549.0,0.0,,,KCII 국가별 수출현황의 한국→해당국가 수출액,한국의 전체 화장품 수출액,https://www.kcii.re.kr/trade/country_list?type=EXPORT&year=2024&page=8
브루나이,브루나이,2024,연간,2934.0,0.0,,,KCII 국가별 수출현황의 한국→해당국가 수출액,한국의 전체 화장품 수출액,https://www.kcii.re.kr/trade/country_list?type=EXPORT&year=2024&page=8
브루나이,브루나이,2025,연간,2905.0,0.0,,,KCII 국가별 수출현황의 한국→해당국가 수출액,한국의 전체 화장품 수출액,https://www.kcii.re.kr/trade/country_list?type=EXPORT&year=2026&page=9
브루나이,브루나이,2026,1~8월 누계,1935.0,0.0,66.6,2026년 1~8월 누계 ÷ 2025년 연간 실적 × 100; 성장률이 아닌 전년도 연간 실적 도달 수준,KCII 국가별 수출현황의 한국→해당국가 수출액,한국의 전체 화장품 수출액,https://www.kcii.re.kr/trade/country_list?type=EXPORT&year=2026&page=9
미얀마,미얀마,2021,연간,18139.0,0.2,,,KCII 국가별 수출현황의 한국→해당국가 수출액,한국의 전체 화장품 수출액,https://www.kcii.re.kr/trade/country_list?type=EXPORT&year=2022&page=3
미얀마,미얀마,2022,연간,36211.0,0.5,,,KCII 국가별 수출현황의 한국→해당국가 수출액,한국의 전체 화장품 수출액,https://www.kcii.re.kr/trade/country_list?type=EXPORT&year=2022&page=3
미얀마,미얀마,2023,연간,45974.0,0.5,,,KCII 국가별 수출현황의 한국→해당국가 수출액,한국의 전체 화장품 수출액,https://www.kcii.re.kr/trade/country_list?type=EXPORT&year=2024&page=3
미얀마,미얀마,2024,연간,55854.0,0.5,,,KCII 국가별 수출현황의 한국→해당국가 수출액,한국의 전체 화장품 수출액,https://www.kcii.re.kr/trade/country_list?type=EXPORT&year=2024&page=3
미얀마,미얀마,2025,연간,57711.0,0.5,,,KCII 국가별 수출현황의 한국→해당국가 수출액,한국의 전체 화장품 수출액,https://www.kcii.re.kr/trade/country_list?type=EXPORT&year=2026&page=4
미얀마,미얀마,2026,1~8월 누계,47800.0,0.5,82.8,2026년 1~8월 누계 ÷ 2025년 연간 실적 × 100; 성장률이 아닌 전년도 연간 실적 도달 수준,KCII 국가별 수출현황의 한국→해당국가 수출액,한국의 전체 화장품 수출액,https://www.kcii.re.kr/trade/country_list?type=EXPORT&year=2026&page=4
캄보디아,캄보디아,2021,연간,22546.0,0.2,,,KCII 국가별 수출현황의 한국→해당국가 수출액,한국의 전체 화장품 수출액,https://www.kcii.re.kr/trade/country_list?type=EXPORT&year=2022&page=3
캄보디아,캄보디아,2022,연간,29094.0,0.4,,,KCII 국가별 수출현황의 한국→해당국가 수출액,한국의 전체 화장품 수출액,https://www.kcii.re.kr/trade/country_list?type=EXPORT&year=2022&page=3
캄보디아,캄보디아,2023,연간,46337.0,0.5,,,KCII 국가별 수출현황의 한국→해당국가 수출액,한국의 전체 화장품 수출액,https://www.kcii.re.kr/trade/country_list?type=EXPORT&year=2024&page=3
캄보디아,캄보디아,2024,연간,72493.0,0.7,,,KCII 국가별 수출현황의 한국→해당국가 수출액,한국의 전체 화장품 수출액,https://www.kcii.re.kr/trade/country_list?type=EXPORT&year=2024&page=3
캄보디아,캄보디아,2025,연간,89510.0,0.8,,,KCII 국가별 수출현황의 한국→해당국가 수출액,한국의 전체 화장품 수출액,https://www.kcii.re.kr/trade/country_list?type=EXPORT&year=2026&page=3
캄보디아,캄보디아,2026,1~8월 누계,72319.0,0.7,80.8,2026년 1~8월 누계 ÷ 2025년 연간 실적 × 100; 성장률이 아닌 전년도 연간 실적 도달 수준,KCII 국가별 수출현황의 한국→해당국가 수출액,한국의 전체 화장품 수출액,https://www.kcii.re.kr/trade/country_list?type=EXPORT&year=2026&page=3
라오스,라오스,2021,연간,7125.0,0.1,,,KCII 국가별 수출현황의 한국→해당국가 수출액,한국의 전체 화장품 수출액,https://www.kcii.re.kr/trade/country_list?type=EXPORT&year=2022&page=7
라오스,라오스,2022,연간,2012.0,0.0,,,KCII 국가별 수출현황의 한국→해당국가 수출액,한국의 전체 화장품 수출액,https://www.kcii.re.kr/trade/country_list?type=EXPORT&year=2022&page=7
라오스,라오스,2023,연간,3996.0,0.0,,,KCII 국가별 수출현황의 한국→해당국가 수출액,한국의 전체 화장품 수출액,https://www.kcii.re.kr/trade/country_list?type=EXPORT&year=2024&page=7
라오스,라오스,2024,연간,4613.0,0.0,,,KCII 국가별 수출현황의 한국→해당국가 수출액,한국의 전체 화장품 수출액,https://www.kcii.re.kr/trade/country_list?type=EXPORT&year=2024&page=7
라오스,라오스,2025,연간,4062.0,0.0,,,KCII 국가별 수출현황의 한국→해당국가 수출액,한국의 전체 화장품 수출액,https://www.kcii.re.kr/trade/country_list?type=EXPORT&year=2026&page=8
라오스,라오스,2026,1~8월 누계,3792.0,0.0,93.4,2026년 1~8월 누계 ÷ 2025년 연간 실적 × 100; 성장률이 아닌 전년도 연간 실적 도달 수준,KCII 국가별 수출현황의 한국→해당국가 수출액,한국의 전체 화장품 수출액,https://www.kcii.re.kr/trade/country_list?type=EXPORT&year=2026&page=8
