inci_name,cas_no,concentration
1-(1-Naphthylmethyl) quinolinium,65322-65-8,0
1-((3-Aminopropyl)amino)-4-(methylamino)anthraquinone    and its salts,22366-99-0,0
"1-(4-Chlorophenyl)-4,4-dimethyl-3-(1,2,4-triazol-1-ylmethyl)pentan-3-ol",107534-96-3,0
1-(4-Methoxyphenyl)-1-penten-3-one (α-Methylanisylideneacetone),104-27-8,0
"1,1,2-Trichloroethane",79-00-5,0
"1,1,3,3,5-Pentamethyl-4,6-dinitroindane (Moskene)",116-66-5,0
"((1,1’-Biphenyl)-4,4’-diyl)diammonium sulfate",531-86-2,0
"1,1-Bis(dimethylaminomethyl)propyl benzoate (amydricaine, alypine)     and its salts",963-07-5,0
"1,2,3,4,5,6-Hexachlorocyclohexanes (BHC-ISO)",58-89-9,0
"1,2,3-Trichloropropane",96-18-4,0
"Alkyl(C12-C22)
trimonium chloride",,5.5
"Benzalkonium chloride, bromide and saccharinate",,3.3
"(1) Boric acid, borates and tetraborates with the exception of substances in table of prohibited substances",,5.5
Benzoic acid Sodium benzoate,,2.75
"Oxyquinoline, oxyquinoline sulfate",,0.4
Phenoxyisopropanol,,0.12000000000000001
Salicylic acid,,2.2
Strontium peroxide,,4.95
Laureth-9,3055-99-0,3.3
"Trialkylamines, trialkanolamines   and their salts",,2.75
